wikiSchool,status,candidateIds,candidateNames,confirmedTeamId
Abilene Christian University,suggested,2000,Abilene Christian,2000
Acadia University,unmatched,,,
United States Air Force Academy,suggested,2005,Air Force,2005
University of Akron,suggested,2006,Akron,2006
University of Alabama,suggested,333,Alabama,333
Alabama Agricultural and Mechanical University,suggested,2010,Alabama A&M,2010
University of Alabama at Birmingham,suggested,5,UAB,5
Alabama State University,suggested,2011,Alabama State,2011
"University at Albany, SUNY",unmatched,,,399
Albany State University,unmatched,,,2013
University of Alberta,unmatched,,,
Albion College,suggested,2790,Albion,2790
Albright College,suggested,2015,Albright,2015
Alcorn State University,suggested,2016,Alcorn State,2016
Allen University,suggested,2019,Allen,2019
American International College,suggested,2022,American International,2022
Amherst College,suggested,7,Amherst,7
Anderson University (Indiana),ambiguous,2023; 129469,Anderson (IN); Anderson (SC),2023
Anderson University (South Carolina),ambiguous,2023; 129469,Anderson (IN); Anderson (SC),129469
Angelo State University,suggested,2025,Angelo State,2025
Appalachian State University,suggested,2026,App State,2026
University of Arizona,suggested,12,Arizona,12
Arizona State University,suggested,9,Arizona State,9
University of Arkansas,suggested,8,Arkansas,8
University of Arkansas at Pine Bluff,suggested,2029,Arkansas-Pine Bluff,2029
Arkansas State University,suggested,2032,Arkansas State,2032
United States Military Academy,suggested,349,Army,349
Ashland University,suggested,308,Ashland,308
Assumption University,suggested,2038,Assumption,2038
Auburn University,suggested,2,Auburn,2
Augustana University,ambiguous,2042; 2043,Augustana (IL); Augustana University (SD),2043
Austin Peay State University,unmatched,,,2046
Azusa Pacific University,unmatched,,,NEW
Baker University,unmatched,,,NEW
Baldwin Wallace University,suggested,188,Baldwin Wallace,188
Ball State University,suggested,2050,Ball State,2050
Barton College,suggested,122666,Wilson,122666
Baylor University,suggested,239,Baylor,239
Belhaven University,suggested,2056,Belhaven,2056
Bemidji State University,suggested,132,Bemidji State,132
Bentley University,suggested,2060,Bentley,2060
Bethel University (Tennessee),suggested,2802,Bethel (MN),NEW
Bethune-Cookman University,suggested,2065,Bethune-Cookman,2065
Bishop College,unmatched,,,
Bluffton University,suggested,2074,Bluffton,2074
Boise State University,suggested,68,Boise State,68
Boston University,suggested,103,Boston College,103
Bowie State University,suggested,2075,Bowie State,2075
Bowling Green State University,suggested,189,Bowling Green,189
Bradley University,unmatched,,,NEW
University of British Columbia,unmatched,,,
Brigham Young University,suggested,252,BYU,252
Brooklyn College,unmatched,,,NEW
Brown University,suggested,225,Brown,225
Bryant University,suggested,2803,Bryant,2803
University of Bucknell,suggested,2083,Bucknell,2083
University at Buffalo,suggested,2084,Buffalo,2084
Butler University,suggested,2086,Butler,2086
Butte College,unmatched,,,NEW
University of Calgary,unmatched,,,
C. W. Post,unmatched,,,2341
"University of California, Berkeley",unmatched,,,25
"University of California, Davis",suggested,302,UC Davis,302
"University of California, Los Angeles",unmatched,,,26
"University of California, Santa Barbara",unmatched,,,NEW
"California State University, Bakersfield",unmatched,,,NEW
"California State University, Chico",unmatched,,,NEW
"California State University, Long Beach",unmatched,,,NEW
"California State University, Fullerton",unmatched,,,NEW
"California State University, Northridge",unmatched,,,NEW
"California State University, Sacramento",suggested,16,Sacramento State,16
"California Polytechnic State University, Pomona",unmatched,,,NEW
California Polytechnic State University,suggested,13,Cal Poly,13
Cameron University,unmatched,,,NEW
Campbell University,suggested,2097,Campbell,2097
Canisius College,unmatched,,,NEW
Carleton University,suggested,2101,Carleton,2101
Carnegie Mellon University,suggested,2102,Carnegie Mellon,2102
Carson–Newman University,suggested,2105,Carson-Newman College,2105
Carthage College,suggested,2106,Carthage,2106
Case Western Reserve University,suggested,2963,Case Western Reserve,2963
Case Western Reserve University,suggested,2963,Case Western Reserve,2963
Catholic University of America,suggested,2108,Catholic,2108
University of Central Arkansas,suggested,2110,Central Arkansas,2110
Central Connecticut State University,suggested,2115,Central Connecticut,2115
University of Central Florida,suggested,2116,UCF,2116
Central Michigan University,suggested,2117,Central Michigan,2117
University of Central Missouri,suggested,2118,Central Missouri,2118
University of Central Oklahoma,suggested,2122,Central Oklahoma,2122
Central State University,suggested,2119,Central State (OH),2119
Central Washington University,suggested,2120,Central Washington,2120
Centre College,suggested,2121,Centre College Kentucky,2121
Chadron State College,unmatched,,,2123
University of Charleston,suggested,2128,University Of Charleston (WV),2128
University of North Carolina at Charlotte,suggested,2429,Charlotte,2429
Cheyney University,unmatched,,,NEW
University of Chicago,suggested,80,Chicago,80
Chicago State University,unmatched,,,NEW
University of Cincinnati,suggested,2132,Cincinnati,2132
Clark Atlanta University,suggested,2805,Clark Atlanta,2805
Clarke University,unmatched,,,NEW
Clemson University,suggested,228,Clemson,228
Coastal Carolina University,suggested,324,Coastal Carolina,324
Colgate University,suggested,2142,Colgate,2142
University of Colorado Boulder,suggested,38,Colorado,38
Colorado Mesa University,suggested,11,Colorado Mesa,11
Colorado State University,suggested,36,Colorado State,36
State University of New York College at Cortland,unmatched,,,2782
Colorado State University–Pueblo,unmatched,,,2570
Columbia University,suggested,171,Columbia,171
Commonwealth University-Bloomsburg,unmatched,,,2071
"Concordia University (Saint Paul, Minnesota)",unmatched,,,3066
Concordia University,unmatched,,,2151
University of Connecticut,suggested,41,UConn,41
Cornell University,ambiguous,172; 2155,Cornell; Cornell College (IA),172
Culver–Stockton College,unmatched,,,NEW
Dartmouth College,suggested,159,Dartmouth,159
University of Dayton,suggested,2168,Dayton,2168
University of Delaware,suggested,48,Delaware,48
Delaware State University,suggested,2169,Delaware State,2169
Delta State University,suggested,2170,Delta State,2170
DePaul University,unmatched,,,NEW
DePauw University,suggested,83,Depauw,83
Doane University,unmatched,,,NEW
Drake University,suggested,2181,Drake,2181
University of Dubuque,suggested,49,Dubuque,49
Duke University,suggested,150,Duke,150
Duquesne University,suggested,2184,Duquesne,2184
East Carolina University,suggested,151,East Carolina,151
East Tennessee State University,suggested,2193,East Tennessee State,2193
East Texas A&M University,suggested,2837,East Texas A&M,2837
Eastern Illinois University,suggested,2197,Eastern Illinois,2197
Eastern Kentucky University,suggested,2198,Eastern Kentucky,2198
Eastern Michigan University,suggested,2199,Eastern Michigan,2199
Eastern New Mexico University,suggested,2201,Eastern New Mexico,2201
Eastern Washington University,suggested,331,Eastern Washington,331
Edward Waters University,suggested,2206,Edward Waters,2206
Elizabeth City State University,suggested,2207,Elizabeth City State,2207
Elon University,suggested,2210,Elon,2210
Erskine College,suggested,101784,Erskine,101784
Evangel University,unmatched,,,NEW
University of Evansville,unmatched,,,NEW
Fayetteville State University,suggested,2220,Fayetteville State,2220
Ferris State University,suggested,2222,Ferris State,2222
University of Findlay,suggested,2224,Findlay,2224
Fisk University,unmatched,,,NEW
University of Florida,suggested,57,Florida,57
Florida A&M University,suggested,50,Florida A&M,50
Florida Atlantic University,suggested,2226,Florida Atlantic,2226
Florida Institute of Technology,unmatched,,,NEW
Florida International University,suggested,2229,Florida International,2229
Florida Memorial University,unmatched,,,NEW
Florida State University,suggested,52,Florida State,52
Fordham University,suggested,2230,Fordham,2230
Fort Hays State University,suggested,2231,Fort Hays State,2231
Fort Valley State University,suggested,2232,Fort Valley State,2232
Franklin Pierce University,suggested,112334,Franklin Pierce,112334
"California State University, Fresno",suggested,278,Fresno State,278
Frostburg State University,suggested,341,Frostburg State,341
Furman University,suggested,231,Furman,231
Garden City Community College,unmatched,,,NEW
Gardner–Webb University,suggested,2241,Gardner-Webb,2241
George Washington University,unmatched,,,NEW
Georgetown University,suggested,46,Georgetown,46
University of Georgia,suggested,61,Georgia,61
Georgia Southern University,suggested,290,Georgia Southern,290
Georgia State University,suggested,2247,Georgia State,2247
Georgia Institute of Technology,unmatched,,,59
Graceland University,unmatched,,,NEW
Grambling State University,suggested,2755,Grambling,2755
Gonzaga University,unmatched,,,NEW
University of Guelph,unmatched,,,
Gustavus Adolphus College,suggested,2968,Gustavus Adolphus,2968
Hampden–Sydney College,suggested,297,Hampden-Sydney,297
Hampton University,suggested,2261,Hampton,2261
Hardin–Simmons University,suggested,2810,Hardin-Simmons,2810
Harvard University,suggested,108,Harvard,108
University of Hawaiʻi at Mānoa,unmatched,,,NEW
Heidelberg University (Ohio),suggested,191,Heidelberg,191
Henderson State University,suggested,2271,Henderson State,2271
Hillsdale College,suggested,2273,Hillsdale,2273
Hobart and William Smith Colleges,unmatched,,,174
Hofstra University,unmatched,,, NEW
College of the Holy Cross,unmatched,,,107
University of Houston,suggested,248,Houston,248
Houston Christian University,suggested,2277,Houston Christian,2277
Howard University,suggested,47,Howard,47
Howard Payne University,suggested,2758,Howard Payne,2758
Humboldt State University,unmatched,,,NEW
University of Idaho,suggested,70,Idaho,70
Idaho State University,suggested,304,Idaho State,304
Indiana University Bloomington,unmatched,,,84
Indiana State University,suggested,282,Indiana State,282
Indiana University of Pennsylvania,suggested,2291,Indiana-Pennsylvania,2291
University of Illinois at Urbana–Champaign,unmatched,,,356
Illinois State University,suggested,2287,Illinois State,2287
University of the Incarnate Word,unmatched,,,2916
Indiana Wesleyan University,unmatched,,,NEW
University of Iowa,suggested,2294,Iowa,2294
Iowa State University,suggested,66,Iowa State,66
Itawamba Community College,unmatched,,,NEW
Monterrey Institute of Technology and Higher Education,unmatched,,,
Jackson State University,suggested,2296,Jackson State,2296
Jacksonville University,unmatched,,,NEW
Jacksonville State University,suggested,55,Jacksonville State,55
James Madison University,suggested,256,James Madison,256
University of Jamestown,unmatched,,,NEW
Johnson C. Smith University,suggested,2304,Johnson C Smith,2304
Judson University,unmatched,,,NEW
University of Kansas,suggested,2305,Kansas,2305
Kansas State University,suggested,2306,Kansas State,2306
Kennesaw State University,suggested,338,Kennesaw State,338
Kent State University,suggested,2309,Kent State,2309
University of Kentucky,suggested,96,Kentucky,96
Kentucky State University,suggested,2310,Kentucky State,2310
Kentucky Wesleyan College,suggested,2316,Kentucky Wesleyan,2316
Keystone College,suggested,122774,Keystone,122774
Knoxville College,unmatched,,,NEW
La Salle University,unmatched,,,NEW
Lafayette College,suggested,322,Lafayette,322
Lamar University,suggested,2320,Lamar,2320
Lambuth University,unmatched,,,NEW
Langston University,unmatched,,,NEW
Laval University,unmatched,,,
Lawrence Technological University,unmatched,,,NEW
Lehigh University,suggested,2329,Lehigh,2329
Lenoir–Rhyne University,suggested,2331,Lenoir-Rhyne,2331
Liberty University,suggested,2335,Liberty,2335
Limestone University,suggested,2336,Limestone,2336
Lindenwood University,suggested,2815,Lindenwood,2815
Linfield University,suggested,203,Linfield College,203
Livingstone College,suggested,2940,Livingstone,2940
University of Louisiana at Lafayette,unmatched,,,309
University of Louisiana at Monroe,unmatched,,,2433
Louisiana State University,suggested,99,LSU,99
Louisiana Tech University,suggested,2348,Louisiana Tech,2348
University of Louisville,suggested,97,Louisville,97
Loyola Marymount University,unmatched,,,NEW
Macalester College,suggested,2359,Macalester,2359
Madonna University,unmatched,,,NEW
Marquette University,unmatched,,,NEW
Mars Hill University,suggested,2369,Mars Hill,2369
Marshall University,suggested,276,Marshall,276
University of Mary Hardin–Baylor,suggested,2371,Mary Hardin-Baylor,2371
"University of Maryland, College Park",unmatched,,,120
University of Maine,suggested,311,Maine,311
University of Manitoba,unmatched,,,
Marian University (Indiana),unmatched,,,NEW
Marist University,suggested,2368,Marist,2368
University of Massachusetts Amherst,unmatched,,,113
McGill University,unmatched,,,
McMaster University,unmatched,,,
McNeese State University,unmatched,,,2377
University of Memphis,suggested,235,Memphis,235
Menlo College,unmatched,,,NEW
Mercer University,suggested,2382,Mercer,2382
Mercyhurst University,suggested,2385,Mercyhurst,2385
Merrimack College,suggested,2771,Merrimack,2771
Miami University,ambiguous,193; 2390,Miami (OH); Miami,193
University of Miami,ambiguous,193; 2390,Miami (OH); Miami,2390
University of Michigan,suggested,130,Michigan,130
Michigan State University,suggested,127,Michigan State,127
Michigan Technological University,unmatched,,,2392
Middle Tennessee State University,suggested,2393,Middle Tennessee,2393
Midwestern State University,suggested,2395,Midwestern State,2395
Millersville University,suggested,210,Millersville,210
Milton College,unmatched,,,NEW
University of Minnesota,suggested,135,Minnesota,135
University of Minnesota Duluth,suggested,134,Minnesota Duluth,134
Minnesota State University,unmatched,,,2364
University of Mississippi,suggested,2401,Mississippi College,145
Mississippi Delta Community College,unmatched,,,NEW
Mississippi State University,suggested,344,Mississippi State,322
Mississippi Valley State University,suggested,2400,Mississippi Valley State,2320
University of Missouri,suggested,142,Missouri,2329
Missouri University of Science and Technology,unmatched,,,NEW
Missouri Southern State University,suggested,2403,Missouri Southern State,2331
Missouri State University,suggested,2623,Missouri State,2335
Missouri Western State University,unmatched,,,137
Monmouth College,ambiguous,2405; 2919,Monmouth; Monmouth (IL),2919
Monmouth University,ambiguous,2405; 2919,Monmouth; Monmouth (IL),2405
University of Montana – Missoula,unmatched,,,149
Montana State University,suggested,147,Montana State,2336
Montana State University Billings,unmatched,,,NEW
Montclair State University,suggested,2818,Montclair State,2815
Morehead State University,suggested,2413,Morehead State,203
Morgan State University,suggested,2415,Morgan State,2940
Morningside University,unmatched,,,NEW
Morris Brown College,unmatched,,,NEW
Mount Allison University,unmatched,,,NEW
Mount Senario College,unmatched,,,NEW
Mount Marty University,unmatched,,,NEW
Mt. San Antonio College,unmatched,,,NEW
Murray State University,suggested,93,Murray State,99
United States Naval Academy,suggested,2426,Navy,2348
University of Nebraska–Lincoln,unmatched,,,158
University of Nebraska Omaha,unmatched,,,NEW
"University of Nevada, Reno",unmatched,,,2440
"University of Nevada, Las Vegas",suggested,2439,UNLV,97
University of New Hampshire,suggested,160,New Hampshire,2359
University of New Haven,suggested,2441,New Haven,2369
University of New Mexico,suggested,167,New Mexico,276
New Mexico Highlands University,suggested,2424,New Mexico Highlands,2371
New Mexico State University,suggested,166,New Mexico State,311
New York University,unmatched,,,NEW
Newberry College,suggested,2444,Newberry,2368
Nicholls State University,unmatched,,,2447
Norfolk State University,suggested,2450,Norfolk State,235
University of North Alabama,suggested,2453,North Alabama,2382
University of North Carolina at Chapel Hill,unmatched,,,153
North Carolina Agricultural and Technical State University,unmatched,,,2448
North Carolina Central University,suggested,2428,North Carolina Central,2385
North Carolina State University,unmatched,,,152
University of North Dakota,suggested,155,North Dakota,2771
North Dakota State University,suggested,2449,North Dakota State,130
North Park University,suggested,75,North Park,127
University of North Texas,suggested,249,North Texas,2393
Northeastern University,unmatched,,,NEW
Northeastern State University,suggested,196,Northeastern State,2395
Northern Arizona University,suggested,2464,Northern Arizona,210
University of Northern Colorado,suggested,2458,Northern Colorado,135
Northern Illinois University,suggested,2459,Northern Illinois,134
University of Northern Iowa,suggested,2460,Northern Iowa,2460
Northern Michigan University,suggested,128,Northern Michigan,128
Northwest Missouri State University,unmatched,,,138
Northwestern University,ambiguous,77; 583,Northwestern; Northwestern (MN),77
Northwestern Oklahoma State University,suggested,2823,Northwestern Oklahoma State,2823
Northwestern State University,suggested,2466,Northwestern State,2466
Norwich University,suggested,2467,Norwich,2467
University of Notre Dame,ambiguous,87; 587,Notre Dame; Notre Dame College,87
Ohio University,suggested,195,Ohio,195
Ohio Northern University,suggested,427,Ohio Northern,427
Ohio State University,suggested,194,Ohio State,194
University of Oklahoma,suggested,201,Oklahoma,201
Oklahoma City University,unmatched,,,NEW
Oklahoma Panhandle State University,unmatched,,,2824
Oklahoma State University,suggested,197,Oklahoma State,197
Old Dominion University,suggested,295,Old Dominion,295
University of Oregon,suggested,2483,Oregon,2483
Oregon Institute of Technology,unmatched,,,NEW
Oregon State University,suggested,204,Oregon State,204
University of Ottawa,unmatched,,,
Ottawa University,unmatched,,,
Ouachita Baptist University,suggested,2888,Ouachita Baptist,2888
University of the Pacific (United States),unmatched,,,NEW
Pearl River Community College,unmatched,,,NEW
University of North Carolina at Pembroke,unmatched,,,2882
University of Pennsylvania,suggested,219,Pennsylvania,219
Pennsylvania State University,unmatched,,,213
Pennsylvania Western University California,unmatched,,,NEW
Pennsylvania Western University Clarion,unmatched,,,NEW
Pittsburg State University,unmatched,,,90
University of Pittsburgh,suggested,221,Pittsburgh,221
Plymouth State University,suggested,2972,Plymouth State,2972
Pomona College,unmatched,,,2923
Portland State University,suggested,2502,Portland State,2502
Prairie View A&M University,suggested,2504,Prairie View A&M,2504
Presbyterian College,suggested,2506,Presbyterian,2506
Princeton University,suggested,163,Princeton,163
Providence College,unmatched,,,NEW
Purdue University,suggested,2509,Purdue,2509
Queen's University,unmatched,,,NEW
University of Regina,unmatched,,,
University of Rhode Island,suggested,227,Rhode Island,227
Rice University,suggested,242,Rice,242
University of Richmond,suggested,257,Richmond,257
Robert Morris University,suggested,2523,Robert Morris,2523
Robert Morris University Illinois,unmatched,,,2523
Rocky Mountain College,unmatched,,,NEW
Roosevelt University,suggested,127991,Roosevelt,127991
Rowan University,suggested,2827,Rowan,2827
Rensselaer Polytechnic Institute,unmatched,,,NEW
Rutgers University–New Brunswick,unmatched,,,
Sacred Heart University,suggested,2529,Sacred Heart,2529
Saginaw Valley State University,suggested,129,Saginaw Valley State,129
St. Cloud State University,unmatched,,,NEW
St. Bonaventure University,unmatched,,,NEW
Saint John's University (Minnesota),suggested,2600,Saint John's (MN),2600
St. John's University (New York City),suggested,2600,Saint John's (MN),NEW
Saint Mary's College of California,unmatched,,,NEW
Saint Mary's University (Halifax),unmatched,,,
Saint Mary's University of Minnesota,unmatched,,,NEW
Salisbury University,suggested,2532,Salisbury,2532
Sam Houston State University,suggested,2534,Sam Houston,2534
Samford University,suggested,2535,Samford,2535
University of San Diego,suggested,301,San Diego,301
San Diego State University,suggested,21,San Diego State,21
University of San Francisco,unmatched,,,NEW
San Francisco State University,unmatched,,,NEW
San Jose State University,suggested,23,San José State,23
"St. Augustine's University (Raleigh, North Carolina)",suggested,395,St. Augustine's,395
Santa Clara University,suggested,1000003,Santa Clara,1000003
University of Saskatchewan,unmatched,,,
Savannah State University,unmatched,,,2542
Shepherd University,suggested,2974,Shepherd,2974
Université de Sherbrooke,unmatched,,,
Shippensburg University,suggested,2559,Shippensburg,2559
Simon Fraser University,unmatched,,,
University of Sioux Falls,suggested,2894,Sioux Falls,2894
Slippery Rock University,suggested,215,Slippery Rock,215
Sonoma State University,unmatched,,,NEW
St. Francis Xavier University,unmatched,,,
St. Lawrence University,suggested,2779,St. Lawrence,2779
St. Norbert College,suggested,2832,St. Norbert,2832
"Saint Paul's College, Virginia",unmatched,,,NEW
St. Thomas University (Florida),suggested,2900,St. Thomas (MN),NEW
University of St. Thomas (Minnesota),suggested,2900,St. Thomas (MN),2900
University of South Alabama,suggested,6,South Alabama,6
University of South Carolina,suggested,2579,South Carolina,2579
South Carolina State University,suggested,2569,South Carolina State,2569
University of South Dakota,suggested,233,South Dakota,233
South Dakota State University,suggested,2571,South Dakota State,2571
University of South Florida,suggested,58,South Florida,58
Southeast Missouri State University,suggested,2546,Southeast Missouri State,2546
Southeastern Louisiana University,unmatched,,,2545
Southeastern Oklahoma State University,suggested,199,Southeastern Oklahoma State,199
Southern Connecticut State University,suggested,2583,Southern Connecticut State,2583
Southern University,suggested,2582,Southern,2582
University of Southern Arkansas,suggested,2568,Southern Arkansas,2568
University of Southern California,unmatched,,,30
Southern Illinois University Carbondale,unmatched,,,NEW
Southern Methodist University,suggested,2567,SMU,2567
Southern Nazarene University,suggested,200,Southern Nazarene,200
University of Southern Mississippi,suggested,2572,Southern Miss,2572
University of Southern Arkansas,suggested,2568,Southern Arkansas,2568
Southern Oregon University,unmatched,,,NEW
Southern Utah University,suggested,253,Southern Utah,253
Southwest Minnesota State University,suggested,2587,Southwest Minnesota State,2587
Southwestern Oklahoma State University,suggested,2927,Southwestern Oklahoma State,2927
Stanford University,suggested,24,Stanford,24
Stephen F. Austin State University,unmatched,,,2617
Stetson University,suggested,56,Stetson,56
Stillman College,unmatched,,,NEW
Stonehill College,suggested,284,Stonehill,284
Stony Brook University,suggested,2619,Stony Brook,2619
Syracuse University,suggested,183,Syracuse,183
Tabor College (Kansas),unmatched,,,NEW
University of Tampa,unmatched,,,NEW
Tarkio College,unmatched,,,NEW
Tarleton State University,suggested,2627,Tarleton State,2627
Temple University,suggested,218,Temple,218
University of Tennessee at Chattanooga,unmatched,,,236
University of Tennessee,suggested,2633,Tennessee,2633
University of Tennessee at Martin,suggested,2630,UT Martin,2630
Tennessee State University,suggested,2634,Tennessee State,2634
Tennessee Technological University,unmatched,,,2635
University of Texas at Austin,unmatched,,,251
Texas A&M University,suggested,245,Texas A&M,245
Texas A&M University–Kingsville,suggested,2658,Texas A&M-Kingsville,2658
Texas Christian University,suggested,2628,TCU,2628
Texas Southern University,suggested,2640,Texas Southern,2640
Texas Tech University,suggested,2641,Texas Tech,2641
Texas State University,suggested,326,Texas State,326
University of Texas at El Paso,suggested,2638,UTEP,2638
Thomas University,unmatched,,,NEW
Thomas More University,suggested,2646,Thomas More College,2646
University of Toledo,suggested,2649,Toledo,2649
Towson University,suggested,119,Towson,119
Trinity College (Connecticut),suggested,2977,Trinity (CT),2977
Trinity International University,unmatched,,,NEW
Trinity University (Texas),suggested,2977,Trinity (CT),386
Trinity Valley Community College,unmatched,,,NEW
Troy University,suggested,2653,Troy,2653
Truman State University,suggested,2654,Truman State,2654
Tulane University,suggested,2655,Tulane,2655
University of Tulsa,suggested,202,Tulsa,202
Tusculum University,suggested,2839,Greeneville,2839
Tuskegee University,suggested,2657,Tuskegee,2657
University of Utah,suggested,254,Utah,254
Utah State University,suggested,328,Utah State,328
Utah Tech University,suggested,3101,Utah Tech,3101
University of Texas at Arlington,unmatched,,,NEW
University of Texas Rio Grande Valley,suggested,1000004,Texas-Rio Grande Valley,1000004
University of Texas at San Antonio,suggested,2636,Texas-San Antonio,2636
Valdosta State University,suggested,2673,Valdosta State,2673
Villanova University,suggested,222,Villanova,222
Vanderbilt University,suggested,238,Vanderbilt,238
University of Virginia,suggested,258,Virginia,258
Virginia State University,unmatched,,,330
Virginia Union University,suggested,2676,Virginia Union,2676
Virginia University of Lynchburg,unmatched,,,NEW
Wagner College,suggested,2681,Wagner,2681
Wake Forest University,suggested,154,Wake Forest,154
Walsh University,suggested,2682,Walsh,2682
Washburn University,suggested,2687,Washburn,2687
University of Washington,ambiguous,143; 264,Washington University (St. Louis); Washington,264
Washington State University,suggested,265,Washington State,265
Washington University in St. Louis,unmatched,,,143
Wayne State College,ambiguous,131; 2844,Wayne State (MI); Wayne State (NE),2844
Wayne State University,ambiguous,131; 2844,Wayne State (MI); Wayne State (NE),131
Waynesburg University,suggested,2845,Waynesburg,2845
Weber State University,suggested,2692,Weber State,2692
Wesley College (Delaware),unmatched,,,NEW
Wesleyan University,suggested,336,Wesleyan University (CT),336
University of West Alabama,suggested,2695,West Alabama,2695
West Chester University,suggested,223,West Chester,223
University of West Florida,suggested,110242,West Florida,110242
University of West Georgia,suggested,2698,West Georgia,2698
West Liberty University,suggested,2699,West Liberty,2699
West Texas A&M University,suggested,2704,West Texas A&M,2704
West Virginia University,suggested,277,West Virginia,277
West Virginia Wesleyan College,suggested,455,West Virginia Wesleyan,455
Western Carolina University,suggested,2717,Western Carolina,2717
Western Illinois University,suggested,2710,Western Illinois,2710
Western Kentucky University,suggested,98,Western Kentucky,98
Western Michigan University,suggested,2711,Western Michigan,2711
University of Western Ontario,unmatched,,,
Western Oregon University,suggested,2848,Western Oregon,2848
Western New Mexico University,suggested,2703,Western New Mexico,2703
Western Colorado University,suggested,2714,Western Colorado,2714
Western Washington University,unmatched,,,NEW
Wheaton College (Illinois),suggested,396,Wheaton,396
Wheeling University,suggested,112335,Wheeling,112335
Whitworth University,suggested,2721,Whitworth,2721
Wichita State University,unmatched,,,NEW
Widener University,suggested,2725,Widener,2725
Wilfrid Laurier University,unmatched,,,
College of William & Mary,suggested,2729,William & Mary,2729
William Penn University,unmatched,,,NEW
Williams College,suggested,2731,Williams,2731
Wingate University,suggested,351,Wingate,351
Winston-Salem State University,unmatched,,,2736
University of Wisconsin–Madison,unmatched,,,275
University of Wisconsin–Eau Claire,suggested,2738,Wisconsin-Eau Claire,2738
University of Wisconsin–La Crosse,unmatched,,,2740
University of Wisconsin–Milwaukee,unmatched,,,NEW
University of Wisconsin–Platteville,suggested,272,Wisconsin-Platteville,272
University of Wisconsin–River Falls,suggested,2723,Wisconsin-River Falls,2723
University of Wisconsin–Stevens Point,unmatched,,,2743
University of Wisconsin–Stout,suggested,2744,Wisconsin-Stout,2744
University of Wisconsin–Superior,unmatched,,,NEW
University of Wisconsin–Whitewater,suggested,2745,Wisconsin-Whitewater,2745
Wofford College,suggested,2747,Wofford,2747
College of Wooster,suggested,2748,Wooster,2748
University of Wyoming,suggested,2751,Wyoming,2751
Yale University,suggested,43,Yale,43